{
  "1": {
    "k": 1,
    "heads_ablated": [
      [
        20,
        16
      ]
    ],
    "overall_accuracy": 0.6862745098039216,
    "total_attempts": 255,
    "total_matches": 175
  },
  "2": {
    "k": 2,
    "heads_ablated": [
      [
        20,
        16
      ],
      [
        3,
        18
      ]
    ],
    "overall_accuracy": 0.6823529411764706,
    "total_attempts": 255,
    "total_matches": 174
  },
  "5": {
    "k": 5,
    "heads_ablated": [
      [
        20,
        16
      ],
      [
        3,
        18
      ],
      [
        0,
        25
      ],
      [
        23,
        30
      ],
      [
        8,
        25
      ]
    ],
    "overall_accuracy": 0.7058823529411765,
    "total_attempts": 255,
    "total_matches": 180
  },
  "10": {
    "k": 10,
    "heads_ablated": [
      [
        20,
        16
      ],
      [
        3,
        18
      ],
      [
        0,
        25
      ],
      [
        23,
        30
      ],
      [
        8,
        25
      ],
      [
        7,
        26
      ],
      [
        7,
        4
      ],
      [
        4,
        14
      ],
      [
        23,
        25
      ],
      [
        3,
        8
      ]
    ],
    "overall_accuracy": 0.6823529411764706,
    "total_attempts": 255,
    "total_matches": 174
  },
  "20": {
    "k": 20,
    "heads_ablated": [
      [
        20,
        16
      ],
      [
        3,
        18
      ],
      [
        0,
        25
      ],
      [
        23,
        30
      ],
      [
        8,
        25
      ],
      [
        7,
        26
      ],
      [
        7,
        4
      ],
      [
        4,
        14
      ],
      [
        23,
        25
      ],
      [
        3,
        8
      ],
      [
        21,
        23
      ],
      [
        23,
        29
      ],
      [
        28,
        24
      ],
      [
        17,
        14
      ],
      [
        2,
        25
      ],
      [
        18,
        29
      ],
      [
        13,
        16
      ],
      [
        1,
        0
      ],
      [
        0,
        30
      ],
      [
        2,
        31
      ]
    ],
    "overall_accuracy": 0.7098039215686275,
    "total_attempts": 255,
    "total_matches": 181
  }
}