{
  "registrant_name": {
    "8": {
      "k": 8,
      "heads_ablated": 8,
      "attempts": 39,
      "matches": 32,
      "accuracy": 0.8205128205128205
    },
    "16": {
      "k": 16,
      "heads_ablated": 16,
      "attempts": 39,
      "matches": 29,
      "accuracy": 0.7435897435897436
    },
    "32": {
      "k": 32,
      "heads_ablated": 32,
      "attempts": 39,
      "matches": 21,
      "accuracy": 0.5384615384615384
    },
    "48": {
      "k": 48,
      "heads_ablated": 48,
      "attempts": 39,
      "matches": 20,
      "accuracy": 0.5128205128205128
    },
    "64": {
      "k": 64,
      "heads_ablated": 64,
      "attempts": 39,
      "matches": 5,
      "accuracy": 0.1282051282051282
    },
    "96": {
      "k": 96,
      "heads_ablated": 96,
      "attempts": 39,
      "matches": 0,
      "accuracy": 0.0
    },
    "128": {
      "k": 128,
      "heads_ablated": 128,
      "attempts": 39,
      "matches": 0,
      "accuracy": 0.0
    }
  },
  "headquarters_city": {
    "8": {
      "k": 8,
      "heads_ablated": 8,
      "attempts": 29,
      "matches": 24,
      "accuracy": 0.8275862068965517
    },
    "16": {
      "k": 16,
      "heads_ablated": 16,
      "attempts": 29,
      "matches": 20,
      "accuracy": 0.6896551724137931
    },
    "32": {
      "k": 32,
      "heads_ablated": 32,
      "attempts": 29,
      "matches": 19,
      "accuracy": 0.6551724137931034
    },
    "48": {
      "k": 48,
      "heads_ablated": 48,
      "attempts": 29,
      "matches": 14,
      "accuracy": 0.4827586206896552
    },
    "64": {
      "k": 64,
      "heads_ablated": 64,
      "attempts": 29,
      "matches": 9,
      "accuracy": 0.3103448275862069
    },
    "96": {
      "k": 96,
      "heads_ablated": 96,
      "attempts": 29,
      "matches": 4,
      "accuracy": 0.13793103448275862
    },
    "128": {
      "k": 128,
      "heads_ablated": 128,
      "attempts": 29,
      "matches": 0,
      "accuracy": 0.0
    }
  },
  "headquarters_state": {
    "8": {
      "k": 8,
      "heads_ablated": 8,
      "attempts": 27,
      "matches": 23,
      "accuracy": 0.8518518518518519
    },
    "16": {
      "k": 16,
      "heads_ablated": 16,
      "attempts": 27,
      "matches": 22,
      "accuracy": 0.8148148148148148
    },
    "32": {
      "k": 32,
      "heads_ablated": 32,
      "attempts": 27,
      "matches": 20,
      "accuracy": 0.7407407407407407
    },
    "48": {
      "k": 48,
      "heads_ablated": 48,
      "attempts": 27,
      "matches": 17,
      "accuracy": 0.6296296296296297
    },
    "64": {
      "k": 64,
      "heads_ablated": 64,
      "attempts": 27,
      "matches": 17,
      "accuracy": 0.6296296296296297
    },
    "96": {
      "k": 96,
      "heads_ablated": 96,
      "attempts": 27,
      "matches": 13,
      "accuracy": 0.48148148148148145
    },
    "128": {
      "k": 128,
      "heads_ablated": 128,
      "attempts": 27,
      "matches": 0,
      "accuracy": 0.0
    }
  },
  "incorporation_state": {
    "8": {
      "k": 8,
      "heads_ablated": 8,
      "attempts": 31,
      "matches": 26,
      "accuracy": 0.8387096774193549
    },
    "16": {
      "k": 16,
      "heads_ablated": 16,
      "attempts": 31,
      "matches": 25,
      "accuracy": 0.8064516129032258
    },
    "32": {
      "k": 32,
      "heads_ablated": 32,
      "attempts": 31,
      "matches": 30,
      "accuracy": 0.967741935483871
    },
    "48": {
      "k": 48,
      "heads_ablated": 48,
      "attempts": 31,
      "matches": 26,
      "accuracy": 0.8387096774193549
    },
    "64": {
      "k": 64,
      "heads_ablated": 64,
      "attempts": 31,
      "matches": 5,
      "accuracy": 0.16129032258064516
    },
    "96": {
      "k": 96,
      "heads_ablated": 96,
      "attempts": 31,
      "matches": 20,
      "accuracy": 0.6451612903225806
    },
    "128": {
      "k": 128,
      "heads_ablated": 128,
      "attempts": 31,
      "matches": 8,
      "accuracy": 0.25806451612903225
    }
  },
  "incorporation_year": {
    "8": {
      "k": 8,
      "heads_ablated": 8,
      "attempts": 31,
      "matches": 22,
      "accuracy": 0.7096774193548387
    },
    "16": {
      "k": 16,
      "heads_ablated": 16,
      "attempts": 31,
      "matches": 21,
      "accuracy": 0.6774193548387096
    },
    "32": {
      "k": 32,
      "heads_ablated": 32,
      "attempts": 31,
      "matches": 19,
      "accuracy": 0.6129032258064516
    },
    "48": {
      "k": 48,
      "heads_ablated": 48,
      "attempts": 31,
      "matches": 19,
      "accuracy": 0.6129032258064516
    },
    "64": {
      "k": 64,
      "heads_ablated": 64,
      "attempts": 31,
      "matches": 16,
      "accuracy": 0.5161290322580645
    },
    "96": {
      "k": 96,
      "heads_ablated": 96,
      "attempts": 31,
      "matches": 9,
      "accuracy": 0.2903225806451613
    },
    "128": {
      "k": 128,
      "heads_ablated": 128,
      "attempts": 31,
      "matches": 1,
      "accuracy": 0.03225806451612903
    }
  },
  "employees_count_total": {
    "8": {
      "k": 8,
      "heads_ablated": 8,
      "attempts": 28,
      "matches": 24,
      "accuracy": 0.8571428571428571
    },
    "16": {
      "k": 16,
      "heads_ablated": 16,
      "attempts": 28,
      "matches": 14,
      "accuracy": 0.5
    },
    "32": {
      "k": 32,
      "heads_ablated": 32,
      "attempts": 28,
      "matches": 11,
      "accuracy": 0.39285714285714285
    },
    "48": {
      "k": 48,
      "heads_ablated": 48,
      "attempts": 28,
      "matches": 0,
      "accuracy": 0.0
    },
    "64": {
      "k": 64,
      "heads_ablated": 64,
      "attempts": 28,
      "matches": 0,
      "accuracy": 0.0
    },
    "96": {
      "k": 96,
      "heads_ablated": 96,
      "attempts": 28,
      "matches": 0,
      "accuracy": 0.0
    },
    "128": {
      "k": 128,
      "heads_ablated": 128,
      "attempts": 28,
      "matches": 0,
      "accuracy": 0.0
    }
  },
  "holder_record_amount": {
    "8": {
      "k": 8,
      "heads_ablated": 8,
      "attempts": 29,
      "matches": 1,
      "accuracy": 0.034482758620689655
    },
    "16": {
      "k": 16,
      "heads_ablated": 16,
      "attempts": 29,
      "matches": 0,
      "accuracy": 0.0
    },
    "32": {
      "k": 32,
      "heads_ablated": 32,
      "attempts": 29,
      "matches": 2,
      "accuracy": 0.06896551724137931
    },
    "48": {
      "k": 48,
      "heads_ablated": 48,
      "attempts": 29,
      "matches": 1,
      "accuracy": 0.034482758620689655
    },
    "64": {
      "k": 64,
      "heads_ablated": 64,
      "attempts": 29,
      "matches": 0,
      "accuracy": 0.0
    },
    "96": {
      "k": 96,
      "heads_ablated": 96,
      "attempts": 29,
      "matches": 0,
      "accuracy": 0.0
    },
    "128": {
      "k": 128,
      "heads_ablated": 128,
      "attempts": 29,
      "matches": 0,
      "accuracy": 0.0
    }
  },
  "employees_count_full_time": {
    "8": {
      "k": 8,
      "heads_ablated": 8,
      "attempts": 10,
      "matches": 8,
      "accuracy": 0.8
    },
    "16": {
      "k": 16,
      "heads_ablated": 16,
      "attempts": 10,
      "matches": 8,
      "accuracy": 0.8
    },
    "32": {
      "k": 32,
      "heads_ablated": 32,
      "attempts": 10,
      "matches": 7,
      "accuracy": 0.7
    },
    "48": {
      "k": 48,
      "heads_ablated": 48,
      "attempts": 10,
      "matches": 3,
      "accuracy": 0.3
    },
    "64": {
      "k": 64,
      "heads_ablated": 64,
      "attempts": 10,
      "matches": 4,
      "accuracy": 0.4
    },
    "96": {
      "k": 96,
      "heads_ablated": 96,
      "attempts": 10,
      "matches": 0,
      "accuracy": 0.0
    },
    "128": {
      "k": 128,
      "heads_ablated": 128,
      "attempts": 10,
      "matches": 0,
      "accuracy": 0.0
    }
  },
  "ceo_lastname": {
    "8": {
      "k": 8,
      "heads_ablated": 8,
      "attempts": 31,
      "matches": 19,
      "accuracy": 0.6129032258064516
    },